{
  "1": {
    "number": 1,
    "name": "Seattle",
    "address": "4401 4th Ave S",
    "city": "Seattle",
    "state": "WA",
    "zip": "98134",
    "lat": 47.5638,
    "lon": -122.33
  },
  "27": {
    "number": 27,
    "name": "Mountain View",
    "address": "2301 Showers Dr",
    "city": "Mountain View",
    "state": "CA",
    "zip": "94040",
    "lat": 37.4043,
    "lon": -122.1092
  },
  "75": {
    "number": 75,
    "name": "San Jose (Senter Rd)",
    "address": "5301 Almaden Expy",
    "city": "San Jose",
    "state": "CA",
    "zip": "95118",
    "lat": 37.2488,
    "lon": -121.8317
  },
  "100": {
    "number": 100,
    "name": "Issaquah",
    "address": "1801 10th Ave NW",
    "city": "Issaquah",
    "state": "WA",
    "zip": "98027",
    "lat": 47.5497,
    "lon": -122.0683
  },
  "143": {
    "number": 143,
    "name": "Sunnyvale",
    "address": "1709 Automation Pkwy",
    "city": "Sunnyvale",
    "state": "CA",
    "zip": "94086",
    "lat": 37.3782,
    "lon": -121.9978
  },
  "148": {
    "number": 148,
    "name": "San Leandro",
    "address": "15555 Hesperian Blvd",
    "city": "San Leandro",
    "state": "CA",
    "zip": "94578",
    "lat": 37.6915,
    "lon": -122.129
  },
  "183": {
    "number": 183,
    "name": "Altamonte Springs",
    "address": "741 Orange Avenue",
    "city": "Altamonte Springs",
    "state": "FL",
    "zip": "32714-3031",
    "lat": 28.6607,
    "lon": -81.417085,
    "phone": "+1 407-786-7802"
  },
  "185": {
    "number": 185,
    "name": "Winter Park",
    "address": "3333 University Boulevard",
    "city": "Winter Park",
    "state": "FL",
    "zip": "32792-7428",
    "lat": 28.599561,
    "lon": -81.30063,
    "phone": "+1 407-681-2119"
  },
  "318": {
    "number": 318,
    "name": "Brentwood",
    "address": "5151 Heidorn Road",
    "city": "Brentwood",
    "state": "CA",
    "zip": "94513",
    "lat": 37.957128,
    "lon": -121.745876
  },
  "333": {
    "number": 333,
    "name": "Everett",
    "address": "2 Mystic View Road",
    "city": "Everett",
    "state": "MA",
    "zip": "02149",
    "lat": 42.396785,
    "lon": -71.071437,
    "phone": "+1 617-544-4806"
  },
  "343": {
    "number": 343,
    "name": "Avon",
    "address": "35804 Detroit Road",
    "city": "Avon",
    "state": "OH",
    "zip": "44011",
    "lat": 41.459933,
    "lon": -82.011538,
    "phone": "+1 440-930-0103"
  },
  "344": {
    "number": 344,
    "name": "Mayfield Heights",
    "address": "1409 Golden Gate Boulevard",
    "city": "Mayfield Heights",
    "state": "OH",
    "zip": "44124",
    "lat": 41.523932,
    "lon": -81.44644,
    "phone": "+1 440-544-1350"
  },
  "354": {
    "number": 354,
    "name": "Naples",
    "address": "6275 Naples Boulevard",
    "city": "Naples",
    "state": "FL",
    "zip": "34109-2030",
    "lat": 26.220185,
    "lon": -81.775323,
    "phone": "+1 239-596-6404"
  },
  "361": {
    "number": 361,
    "name": "Winston-Salem",
    "address": "1085 Hanes Mall Boulevard",
    "city": "Winston-Salem",
    "state": "NC",
    "zip": "27103",
    "lat": 36.064166,
    "lon": -80.317933,
    "phone": "+1 336-970-2300"
  },
  "374": {
    "number": 374,
    "name": "Shelby Township",
    "address": "45460 Market Street",
    "city": "Shelby Township",
    "state": "MI",
    "zip": "48315",
    "lat": 42.629762,
    "lon": -82.979101,
    "phone": "+1 586-580-2000"
  },
  "394": {
    "number": 394,
    "name": "Roseville",
    "address": "27118 Gratiot Avenue",
    "city": "Roseville",
    "state": "MI",
    "zip": "48066",
    "lat": 42.496004,
    "lon": -82.934863,
    "phone": "+1 586-447-0191"
  },
  "401": {
    "number": 401,
    "name": "San Diego",
    "address": "4605 Morena Boulevard",
    "city": "San Diego",
    "state": "CA",
    "zip": "92117-3650",
    "lat": 32.821669,
    "lon": -117.225092,
    "phone": "+1 858-270-6920"
  },
  "409": {
    "number": 409,
    "name": "Folsom",
    "address": "600 E Bidwell St",
    "city": "Folsom",
    "state": "CA",
    "zip": "95630",
    "lat": 38.6533,
    "lon": -121.1472
  },
  "428": {
    "number": 428,
    "name": "Alhambra",
    "address": "2207 West Commonwealth Avenue;Commonwealth Avenue",
    "city": "Alhambra",
    "state": "CA",
    "zip": "91803-1302",
    "lat": 34.089755,
    "lon": -118.148683,
    "phone": "+1-626-289-7164"
  },
  "455": {
    "number": 455,
    "name": "Moreno Valley",
    "address": "12700 Day Street",
    "city": "Moreno Valley",
    "state": "CA",
    "zip": "92553-7521",
    "lat": 33.936041,
    "lon": -117.275743,
    "phone": "+1 951-697-8900"
  },
  "466": {
    "number": 466,
    "name": "Prescott",
    "address": "3911 Arizona Highway 69",
    "city": "Prescott",
    "state": "AZ",
    "zip": "86303",
    "lat": 34.547519,
    "lon": -112.3964,
    "phone": "+1 928-541-2203"
  },
  "469": {
    "number": 469,
    "name": "La Mesa",
    "address": "8125 Fletcher Parkway",
    "city": "La Mesa",
    "state": "CA",
    "zip": "91942",
    "lat": 32.774012,
    "lon": -117.024305,
    "phone": "+1 619-667-8504"
  },
  "564": {
    "number": 564,
    "name": "Business Center",
    "address": "12530 Prairie Avenue",
    "city": "Hawthorne",
    "state": "CA",
    "zip": "90250-4638",
    "lat": 33.918387,
    "lon": -118.343295,
    "phone": "+1 310-220-8826"
  },
  "578": {
    "number": 578,
    "name": "Business Center",
    "address": "7803 Othello Avenue",
    "city": "San Diego",
    "state": "CA",
    "zip": "92111",
    "lat": 32.816514,
    "lon": -117.153676,
    "phone": "+1 858-810-5835"
  },
  "638": {
    "number": 638,
    "name": "La Quinta",
    "address": "79795 Highway 111",
    "city": "La Quinta",
    "state": "CA",
    "zip": "92253",
    "lat": 33.704654,
    "lon": -116.272399,
    "phone": "+1 760-775-0363"
  },
  "644": {
    "number": 644,
    "name": "Gilbert",
    "address": "2887 South Market Street",
    "city": "Gilbert",
    "state": "AZ",
    "zip": "85295",
    "lat": 33.296177,
    "lon": -111.745002,
    "phone": "+1 480-366-3950"
  },
  "645": {
    "number": 645,
    "name": "Raleigh",
    "address": "2838 Wake Forest Road",
    "city": "Raleigh",
    "state": "NC",
    "zip": "27609-7840",
    "lat": 35.818114,
    "lon": -78.621445,
    "phone": "+1 919-755-2801"
  },
  "652": {
    "number": 652,
    "name": "Business Center",
    "address": "3311 Northeast Broadway Street",
    "city": "Minneapolis",
    "state": "MN",
    "zip": "55413-4553",
    "lat": 45.000738,
    "lon": -93.215818,
    "phone": "+1 651-502-7600"
  },
  "661": {
    "number": 661,
    "name": "Modesto",
    "address": "3801 Pelandale Avenue",
    "city": "Modesto",
    "state": "CA",
    "zip": "95356-8300",
    "lat": 37.702635,
    "lon": -121.066804,
    "phone": "+1 209-342-4903"
  },
  "692": {
    "number": 692,
    "name": "San Francisco",
    "address": "450 10th St",
    "city": "San Francisco",
    "state": "CA",
    "zip": "94103",
    "lat": 37.7719,
    "lon": -122.4105
  },
  "731": {
    "number": 731,
    "name": "San Mateo",
    "address": "2700 S El Camino Real",
    "city": "San Mateo",
    "state": "CA",
    "zip": "94403",
    "lat": 37.5349,
    "lon": -122.3029
  },
  "736": {
    "number": 736,
    "name": "Chandler",
    "address": "595 South Galleria Way",
    "city": "Chandler",
    "state": "AZ",
    "zip": "85224",
    "lat": 33.29351,
    "lon": -111.898832,
    "phone": "+1 480-375-2051"
  },
  "780": {
    "number": 780,
    "name": "Enfield",
    "address": "75 Freshwater Boulevard",
    "city": "Enfield",
    "state": "CT",
    "zip": "06082-3854",
    "lat": 41.993962,
    "lon": -72.575111,
    "phone": "+1 860-394-2000"
  },
  "947": {
    "number": 947,
    "name": "Business Center",
    "address": "3680 E Guasti Road",
    "city": "Ontario",
    "state": "CA",
    "zip": "91761",
    "lat": 34.064536,
    "lon": -117.573016,
    "phone": "+1 909-789-1221"
  },
  "1091": {
    "number": 1091,
    "name": "Lodi",
    "address": "2680 Reynolds Ranch Parkway",
    "city": "Lodi",
    "state": "CA",
    "zip": "95240-6848",
    "lat": 38.100419,
    "lon": -121.263155,
    "phone": "+1 209-366-7300"
  },
  "1118": {
    "number": 1118,
    "name": "Spanish Fork",
    "address": "273 East 1000 North",
    "city": "Spanish Fork",
    "state": "UT",
    "zip": "84660",
    "lat": 40.124552,
    "lon": -111.649727,
    "phone": "+1 801-504-9530"
  },
  "1123": {
    "number": 1123,
    "name": "Sarasota",
    "address": "8201 South Tamiami Trail",
    "city": "Sarasota",
    "state": "FL",
    "zip": "34238",
    "lat": 27.234598,
    "lon": -82.491551,
    "phone": "+1 941-554-2800"
  },
  "1124": {
    "number": 1124,
    "name": "Wheaton",
    "address": "11160 Veirs Mill Road",
    "city": "Wheaton",
    "state": "MD",
    "zip": "20902-2538",
    "lat": 39.035122,
    "lon": -77.055052,
    "phone": "+1 301-692-1330"
  },
  "1184": {
    "number": 1184,
    "name": "Charlottesville",
    "address": "3171 District Avenue",
    "city": "Charlottesville",
    "state": "VA",
    "zip": "22901-2784",
    "lat": 38.069253,
    "lon": -78.490225,
    "phone": "+1 434-328-7023"
  },
  "1226": {
    "number": 1226,
    "name": "Boston Heights",
    "address": "6720 Bass Pro Drive",
    "city": "Boston Heights",
    "state": "OH",
    "zip": "44236",
    "lat": 41.265425,
    "lon": -81.507465,
    "phone": "+1 330-341-7000"
  },
  "1277": {
    "number": 1277,
    "name": "East Lansing",
    "address": "2540 East Saginaw Highway",
    "city": "East Lansing",
    "state": "MI",
    "zip": "48823",
    "lat": 42.752279,
    "lon": -84.443911,
    "phone": "+1 517-903-5000"
  },
  "1326": {
    "number": 1326,
    "name": "Owings Mills",
    "address": "10270 Mill Run Circle",
    "city": "Owings Mills",
    "state": "MD",
    "zip": "21117",
    "lat": 39.406477,
    "lon": -76.789338,
    "phone": "+1 443-501-7043"
  },
  "1333": {
    "number": 1333,
    "name": "Mooresville",
    "address": "392 Talbert Road",
    "city": "Mooresville",
    "state": "NC",
    "zip": "28117",
    "lat": 35.582781,
    "lon": -80.854984,
    "phone": "+1 980-447-9749"
  },
  "1449": {
    "number": 1449,
    "name": "San Antonio",
    "address": "191 West Loop 1604 South",
    "city": "San Antonio",
    "state": "TX",
    "zip": "78245",
    "lat": 29.431916,
    "lon": -98.71519,
    "phone": "+1 210-868-6725"
  },
  "1493": {
    "number": 1493,
    "name": "South Windsor",
    "address": "1220 Tamarack Avenue",
    "city": "South Windsor",
    "state": "CT",
    "zip": "06074",
    "lat": 41.817351,
    "lon": -72.556017,
    "phone": "+1 860-474-4031"
  },
  "1660": {
    "number": 1660,
    "name": "Newark",
    "address": "350 Newpark Mall",
    "city": "Newark",
    "state": "CA",
    "zip": "94560",
    "lat": 37.525842,
    "lon": -121.999069,
    "phone": "+1 510-493-2945"
  },
  "1666": {
    "number": 1666,
    "name": "Noblesville",
    "address": "14775 N Pointe Boulevard",
    "city": "Noblesville",
    "state": "IN",
    "zip": "46060",
    "lat": 40.003706,
    "lon": -86.002574,
    "phone": "+1 463-238-2013"
  },
  "1674": {
    "number": 1674,
    "name": "Sacramento",
    "address": "3881 East Commerce Way",
    "city": "Sacramento",
    "state": "CA",
    "zip": "95834",
    "lat": 38.640609,
    "lon": -121.522065,
    "phone": "+1 916-265-9594"
  },
  "1675": {
    "number": 1675,
    "name": "McDonough",
    "address": "2245 Jodeco Road",
    "city": "McDonough",
    "state": "GA",
    "zip": "30253",
    "lat": 33.480318,
    "lon": -84.218883,
    "phone": "+1 678-272-3288"
  },
  "1694": {
    "number": 1694,
    "name": "Prosper",
    "address": "5620 West University Drive",
    "city": "Prosper",
    "state": "TX",
    "zip": "75078",
    "lat": 33.22193,
    "lon": -96.895411,
    "phone": "+1-972-346-6120"
  },
  "2670": {
    "number": 2670,
    "name": "",
    "address": "",
    "city": "",
    "state": "",
    "zip": "",
    "lat": 45.143985,
    "lon": -93.38226
  },
  "3978": {
    "number": 3978,
    "name": "Daytona Beach",
    "address": "150 Pit Road",
    "city": "Daytona Beach",
    "state": "FL",
    "zip": "32114",
    "lat": 29.195538,
    "lon": -81.076015
  },
  "4219": {
    "number": 4219,
    "name": "Flint",
    "address": "6200 Lafontaine Way",
    "city": "Flint",
    "state": "MI",
    "zip": "48507",
    "lat": 42.937458,
    "lon": -83.721757
  },
  "4330": {
    "number": 4330,
    "name": "North Port",
    "address": "11710 Mezzo Drive",
    "city": "North Port",
    "state": "FL",
    "zip": "34293",
    "lat": 27.044057,
    "lon": -82.311244
  },
  "5666": {
    "number": 5666,
    "name": "Kyle",
    "address": "19086 South Interstate 35 Frontage Rd",
    "city": "Kyle",
    "state": "TX",
    "zip": "78640",
    "lat": 30.031444,
    "lon": -97.851027,
    "phone": "+1-512-400-2311"
  },
  "8424": {
    "number": 8424,
    "name": "Clermont",
    "address": "4600 Collina Terrace",
    "city": "Clermont",
    "state": "",
    "zip": "",
    "lat": 28.548662,
    "lon": -81.666785
  },
  "8780": {
    "number": 8780,
    "name": "",
    "address": "",
    "city": "",
    "state": "",
    "zip": "",
    "lat": 38.809134,
    "lon": -121.204258
  },
  "9553": {
    "number": 9553,
    "name": "",
    "address": "",
    "city": "",
    "state": "",
    "zip": "",
    "lat": 28.549599,
    "lon": -81.661965
  },
  "9635": {
    "number": 9635,
    "name": "",
    "address": "7200 Johnson Drive",
    "city": "",
    "state": "",
    "zip": "",
    "lat": 37.694558,
    "lon": -121.917421
  },
  "9693": {
    "number": 9693,
    "name": "",
    "address": "",
    "city": "",
    "state": "",
    "zip": "",
    "lat": 39.123697,
    "lon": -121.57339
  }
}